<?xml version="1.0" encoding="UTF-8"?>
<actions>
        <action>
            <actionName>debug</actionName>
            <packagings>
                <packaging>jar</packaging>
            </packagings>
            <goals>
                <goal>process-classes</goal>
                <goal>org.codehaus.mojo:exec-maven-plugin:1.2.1:exec</goal>
            </goals>
            <properties>
                <exec.args>-Xdebug -Xrunjdwp:transport=dt_socket,server=n,address=${jpda.address} -Ddcmrsbroker.home=${dcmrsbroker.home} -Dlogback.configurationFile=${dcmrsbroker.home}\conf\loggingx.xml -classpath %classpath org.rsna.isn.dcmrsbroker.standalone.Main</exec.args>
                <exec.executable>java</exec.executable>
                <jpda.listen>true</jpda.listen>
            </properties>
        </action>
        <action>
            <actionName>run</actionName>
            <packagings>
                <packaging>jar</packaging>
            </packagings>
            <goals>
                <goal>process-classes</goal>
                <goal>org.codehaus.mojo:exec-maven-plugin:1.2.1:exec</goal>
            </goals>
            <properties>
                <exec.args>-Ddcmrsbroker.home=${dcmrsbroker.home} -Dlogback.configurationFile=${dcmrsbroker.home}\conf\loggingx.xml -classpath %classpath org.rsna.isn.dcmrsbroker.standalone.Main</exec.args>
                <exec.executable>java</exec.executable>
            </properties>
        </action>
        <action>
            <actionName>profile</actionName>
            <packagings>
                <packaging>jar</packaging>
            </packagings>
            <goals>
                <goal>process-classes</goal>
                <goal>org.codehaus.mojo:exec-maven-plugin:1.2.1:exec</goal>
            </goals>
            <properties>
                <exec.args>-Ddcmrsbroker.home=${dcmrsbroker.home} -Dlogback.configurationFile=${dcmrsbroker.home}\conf\loggingx.xml -classpath %classpath org.rsna.isn.dcmrsbroker.standalone.Main</exec.args>
                <exec.executable>java</exec.executable>
            </properties>
        </action>
        <action>
            <actionName>debug.single.main</actionName>
            <packagings>
                <packaging>*</packaging>
            </packagings>
            <goals>
                <goal>process-classes</goal>
                <goal>org.codehaus.mojo:exec-maven-plugin:1.2.1:exec</goal>
            </goals>
            <properties>
                <exec.args>-Xdebug -Xrunjdwp:transport=dt_socket,server=n,address=${jpda.address} -Ddcmrsbroker.home=${dcmrsbroker.home} -Dlogback.configurationFile=${dcmrsbroker.home}\conf\logging.xml -classpath %classpath ${packageClassName}</exec.args>
                <exec.executable>java</exec.executable>
                <exec.classpathScope>${classPathScope}</exec.classpathScope>
                <jpda.listen>true</jpda.listen>
            </properties>
        </action>
        <action>
            <actionName>run.single.main</actionName>
            <packagings>
                <packaging>*</packaging>
            </packagings>
            <goals>
                <goal>process-classes</goal>
                <goal>org.codehaus.mojo:exec-maven-plugin:1.2.1:exec</goal>
            </goals>
            <properties>
                <exec.args>-Ddcmrsbroker.home=${dcmrsbroker.home} -Dlogback.configurationFile=${dcmrsbroker.home}\conf\logging.xml -classpath %classpath ${packageClassName}</exec.args>
                <exec.executable>java</exec.executable>
                <exec.classpathScope>${classPathScope}</exec.classpathScope>
            </properties>
        </action>
    </actions>
