<?xml version="1.0" encoding="UTF-8"?>
<assembly xmlns="http://maven.apache.org/ASSEMBLY/2.0.0"
		  xmlns:xsi="http://www.w3.org/2001/XMLSchema-instance"
		  xsi:schemaLocation="http://maven.apache.org/ASSEMBLY/2.0.0 http://maven.apache.org/xsd/assembly-2.0.0.xsd">

	<id>binaries</id>
	<formats>
		<format>dir</format>
	</formats>
	<includeBaseDirectory>false</includeBaseDirectory>

	<moduleSets>		
		<moduleSet>
			<useAllReactorProjects>true</useAllReactorProjects>
			<includes>
				<include>org.rsna.isn:dcmrsbroker-standalone</include>
			</includes>
			<binaries>
				<outputFileNameMapping>${artifact.artifactId}.${artifact.extension}</outputFileNameMapping>
				<unpack>false</unpack>
				
				<dependencySets>
					<dependencySet>
						<outputDirectory>ext</outputDirectory>
						<useProjectArtifact>false</useProjectArtifact>
					</dependencySet>
				</dependencySets>
			</binaries>
		</moduleSet>
	</moduleSets>
</assembly>